"name","1921","1922","1923","1924","1925","1926","1927","1928","1929","1930","1931","1932","1933","1934","1935","1936","1937","1938","1939","1940","1941","1942","1943","1944","1945","1946","1947","1948","1949","1950","1951","1952","1953","1954","1955","1956","1957","1958","1959","1960","1961","1962","1963","1964","1965","1966","1967","1968","1969","1970","1971","1972","1973","1974","1975","1976","1977","1978","1979","1980","1981","1982","1983","1984","1985","1986","1987","1988","1989","1990","1991","1992","1993","1994","1995","1996","1997","1998","1999","2000","2001","2002","2003","2004","2005","2006","2007","2008","2009","2010","2011","2012","2013","2014","2015","2016","2017","2018","2019","2020"
"Agnes",18,11,15,26,21,34,28,37,41,50,53,55,46,57,47,46,60,73,58,70,61,64,75,69,73,91,56,56,81,63,77,77,61,65,56,59,53,51,43,41,59,54,39,48,46,45,42,41,42,48,42,54,57,51,68,52,56,77,55,72,76,89,91,87,97,159,151,195,212,226,272,360,400,449,457,483,417,438,437,496,583,655,703,709,860,1238,955,905,854,904,839,876,921,922,829,810,802,804,740,653
"Agneta",..,..,..,..,..,..,..,..,..,..,12,13,18,26,34,55,54,107,184,242,361,566,768,1079,1071,1084,1164,1551,1482,1384,1347,1260,1262,1151,1138,1156,992,1071,998,827,822,815,711,731,675,599,532,483,429,358,351,344,337,300,210,198,202,148,173,172,157,143,112,110,108,125,106,121,104,96,91,105,92,66,70,52,67,44,62,55,62,68,56,59,53,71,77,73,74,80,75,78,75,87,65,76,74,70,72,49
"Alexandra",..,..,..,..,..,..,..,..,14,19,16,..,13,19,19,12,16,15,16,13,12,13,18,18,25,26,40,22,26,18,25,23,24,36,30,33,35,33,27,39,45,56,52,66,88,100,117,130,135,186,237,311,396,383,431,376,399,452,454,539,533,496,542,655,726,847,976,1173,1166,1342,1232,1137,1031,933,817,836,738,675,761,673,593,580,497,539,506,521,468,433,407,428,376,370,344,360,299,332,275,294,249,220
"Alice",61,26,45,70,92,99,130,169,181,198,222,177,205,217,216,220,271,287,252,252,285,326,278,288,259,270,244,229,218,217,188,188,188,175,170,167,127,126,128,118,115,113,101,107,111,101,89,94,81,63,76,67,83,64,77,73,86,113,102,103,106,119,109,100,116,132,132,151,187,210,249,315,422,510,586,587,662,647,693,817,767,955,1067,1216,1364,1265,1302,1326,1482,1477,1597,1575,1481,1381,1471,1435,1384,1283,1155,1171
"Amanda",..,..,..,..,..,..,11,16,16,18,20,19,15,15,23,14,17,18,11,14,11,15,11,..,13,16,..,10,10,..,11,11,13,..,..,..,..,..,..,..,..,10,12,21,14,17,24,17,29,33,44,35,48,48,66,60,58,72,109,130,160,177,163,190,216,357,458,777,1129,1373,1657,1715,1975,1999,1757,1833,1508,1373,1338,1252,1242,1132,1103,1072,991,877,991,950,875,758,737,660,611,561,463,440,385,365,298,264
"Anette",..,..,..,..,..,..,..,10,..,16,11,17,12,15,26,28,72,144,108,113,109,150,200,234,296,426,378,413,466,506,560,578,709,796,1058,1166,1151,1149,1380,1606,1788,1836,1766,1969,2083,2079,1962,1642,1447,1184,1136,852,697,558,507,379,358,332,298,293,256,251,220,208,246,239,243,259,237,244,255,225,223,161,146,130,120,105,96,115,92,105,88,103,89,71,89,81,77,80,86,74,84,93,114,95,96,118,103,112
"Anita",..,..,..,..,..,14,25,28,50,60,86,135,187,302,422,580,976,1312,1661,1983,2496,3151,3092,2775,2422,2225,1855,1735,1552,1303,1203,1206,1166,1082,1229,1225,1169,974,867,822,817,737,751,810,612,719,587,504,435,413,371,344,270,246,248,193,198,182,188,169,162,149,141,149,152,166,151,196,196,219,219,191,189,179,168,152,164,126,116,161,126,155,163,139,165,139,155,164,141,151,179,188,172,191,200,200,221,203,207,220
"Ann",..,..,..,..,..,12,..,22,24,33,47,41,53,50,74,105,86,131,138,139,165,208,264,323,353,452,485,627,604,747,845,966,1077,1275,1371,1557,1586,1598,1589,1526,1461,1434,1552,1533,1449,1381,1375,1228,1102,1126,1055,1021,950,994,900,772,711,642,597,610,662,651,568,572,519,505,496,479,506,596,493,467,402,373,341,318,254,211,210,215,237,196,217,213,216,219,238,228,264,255,242,287,230,281,289,264,272,248,246,239
"Anna",264,147,215,262,308,403,452,582,609,659,761,820,850,852,944,982,1033,1054,1037,1044,1068,1279,1430,1557,1473,1684,1625,1564,1515,1437,1387,1388,1335,1414,1428,1403,1578,1654,1781,1963,2149,2695,3087,3820,4228,4739,5198,5522,5704,6279,6909,7180,7341,7312,6952,6796,6590,6145,6425,6477,6031,5713,5554,5561,5673,5415,5375,5633,5683,5799,5749,5673,5169,4708,4285,3890,3539,3221,3279,3223,3227,3156,3211,3026,3006,3123,2826,2704,2609,2620,2441,2339,2298,2275,2074,2096,1944,1847,1698,1610
"Ann-Christin",..,..,..,..,..,..,..,..,..,..,..,..,..,..,..,..,10,..,22,39,68,109,226,402,554,745,876,1038,1092,1117,1234,1160,1118,1101,1100,932,937,842,744,569,649,581,669,751,635,649,484,388,303,266,223,205,209,154,162,121,89,71,80,67,52,56,52,47,41,33,28,23,20,26,25,16,18,17,16,10,10,..,14,..,13,15,10,14,15,13,13,13,16,25,..,19,20,17,23,24,12,23,15,22
"Anneli",..,..,..,..,..,..,..,..,..,11,13,17,36,42,55,66,67,95,112,110,134,142,160,198,279,296,315,382,351,381,415,460,490,616,731,712,853,981,920,919,1058,1650,1578,1671,1683,1581,1610,1435,1301,1221,1128,931,888,801,643,531,487,449,474,401,424,433,388,370,394,337,359,345,334,307,319,273,216,207,173,153,145,115,103,98,80,124,111,114,96,107,115,101,120,109,106,121,125,113,126,138,147,130,140,127
"Annika",..,..,..,..,..,..,..,..,..,..,..,..,..,..,18,12,21,21,30,43,72,84,144,248,312,388,424,500,652,683,660,728,917,961,983,1147,1145,1303,1158,1225,1223,1263,1398,1873,1902,1994,1917,1833,1930,1681,1585,1404,1179,1060,976,799,694,670,687,566,512,504,514,479,474,444,352,366,335,328,282,318,265,227,184,149,150,140,128,151,113,108,117,94,125,94,127,112,121,108,115,116,144,140,132,135,167,164,141,145
"Ann-Marie",19,20,32,34,55,69,135,147,210,313,333,364,441,475,517,624,601,725,644,575,617,725,752,743,788,812,966,980,831,769,731,735,646,608,580,566,537,502,439,387,347,309,361,393,369,318,272,244,222,170,134,171,153,116,116,98,82,69,75,74,77,59,43,61,40,42,43,44,49,46,45,41,42,27,24,32,27,32,23,23,25,25,19,26,18,27,31,32,30,36,36,33,44,40,54,42,33,42,34,35
"Astrid",63,34,52,67,87,143,222,305,284,306,332,366,331,392,514,557,558,566,553,446,448,527,515,596,569,540,542,448,441,383,404,373,431,411,390,383,335,341,345,310,339,326,297,309,298,286,255,217,200,186,193,155,153,154,149,124,126,144,123,132,139,123,134,114,148,164,142,191,256,244,254,264,274,298,321,313,316,353,349,394,421,511,517,584,589,674,718,819,972,988,974,1009,986,1091,1056,1165,1178,1192,1232,1081
"Barbro",27,18,38,60,75,120,167,220,251,353,417,550,632,675,741,882,920,941,995,1061,1122,1322,1369,1361,1456,1402,1368,1384,1154,1133,980,943,948,929,810,772,675,655,631,556,546,540,506,518,483,392,354,344,265,239,259,193,182,182,130,115,105,102,92,91,92,110,61,62,75,65,68,72,89,69,73,66,70,56,44,48,35,44,41,32,35,40,53,35,54,42,55,45,42,58,50,74,82,82,77,89,90,105,87,99
"Berit",..,..,..,15,17,40,57,81,127,221,275,421,505,561,622,756,795,1007,1045,936,928,1009,1000,1013,1004,960,905,878,839,747,702,699,676,620,652,534,555,545,460,461,405,421,368,403,415,334,305,227,181,170,141,126,104,107,86,83,59,47,60,53,39,33,43,37,37,45,36,39,43,45,43,39,38,37,36,29,27,29,13,28,30,25,32,34,34,29,34,37,29,35,42,34,48,48,45,35,49,64,58,60
"Birgitta",40,36,46,58,80,111,125,162,224,301,352,410,691,933,1183,1475,2624,2796,3235,3454,3984,4695,5367,5562,5374,5226,4879,4870,4502,3971,3646,3703,3422,3335,3237,3308,3363,3291,3161,3120,3209,2999,2950,3088,3016,2813,2513,2081,1795,1762,1722,1538,1404,1350,1176,1103,958,875,946,890,814,791,757,742,768,759,694,763,789,805,866,768,740,682,595,534,504,524,501,506,488,483,482,498,451,484,461,435,426,458,438,480,426,413,397,439,388,380,358,342
"Britt",35,15,42,47,77,88,133,172,217,262,326,372,421,460,499,607,602,645,699,680,704,861,979,976,1063,1000,1049,1066,997,953,846,864,856,824,830,785,804,685,651,604,573,527,474,537,496,483,418,377,312,291,226,182,196,152,147,122,117,126,122,113,102,94,108,90,104,92,93,101,94,104,98,98,77,65,57,64,57,50,42,46,60,48,49,51,59,67,53,71,56,72,66,82,71,97,93,97,115,100,102,75
"Camilla",..,..,..,..,..,..,..,..,..,..,..,..,..,..,..,..,..,..,..,..,10,..,17,18,13,19,24,20,26,32,20,33,31,39,38,46,70,83,93,82,143,243,403,562,749,1036,2201,2131,2166,1948,1806,1590,1372,1057,960,862,1249,1020,904,797,750,741,740,688,668,754,664,701,707,649,640,539,436,400,329,260,251,202,209,178,179,174,193,158,145,154,125,113,127,115,129,114,115,119,113,122,99,101,116,104
"Carina",..,..,..,..,..,..,..,10,23,26,32,28,31,56,72,73,69,81,95,78,190,185,236,279,318,432,469,500,579,490,543,551,611,836,1091,1087,1499,1572,3033,3226,2866,2941,2901,2801,2537,2233,2129,1679,1404,1289,1079,892,745,632,569,509,447,397,418,371,335,360,303,344,353,301,339,356,352,356,297,309,305,292,216,206,186,165,125,162,116,145,149,111,131,127,120,135,135,142,143,177,146,173,193,169,199,182,175,193
"Caroline",..,..,..,..,..,..,..,..,..,..,..,..,..,..,10,..,..,..,10,..,..,18,22,18,26,21,21,27,20,19,36,48,47,64,81,83,201,196,157,167,230,217,245,317,301,310,299,270,276,354,436,474,533,589,684,830,843,990,1017,1151,1199,1204,1410,1497,1432,1513,1605,1678,1858,1789,1674,1431,1199,997,752,661,564,516,447,365,357,340,318,263,238,236,238,237,211,241,208,214,184,228,240,215,204,182,196,150
"Cecilia",30,14,22,30,32,30,43,45,67,49,68,70,84,76,76,99,113,110,131,115,116,153,170,190,222,259,238,230,286,289,302,323,341,371,427,422,420,496,496,580,576,768,904,1025,1166,1231,1338,1538,1291,1501,1636,1768,1712,1724,1598,1457,1410,1231,1249,1332,1194,1191,1083,1291,1271,1220,1198,1309,1215,1214,1184,1217,1182,1001,839,779,675,712,656,689,685,628,710,673,619,674,622,540,593,573,518,508,483,456,407,463,387,394,356,315
"Charlotta",37,24,26,36,45,47,48,85,73,78,79,87,88,98,101,89,94,70,94,72,86,100,97,97,100,100,89,102,90,85,106,94,95,89,105,90,143,179,191,215,238,273,320,485,460,504,564,609,661,814,771,827,735,704,617,612,554,517,511,539,523,490,412,445,455,505,456,457,455,459,488,443,450,366,354,346,296,279,295,309,250,267,265,246,236,221,237,200,193,183,153,160,139,128,127,134,137,102,102,103
"Charlotte",..,..,..,..,..,..,..,14,21,23,20,30,18,46,37,26,32,47,58,57,67,83,93,114,140,139,160,172,172,165,184,210,195,276,297,325,329,435,450,495,479,600,601,708,772,836,953,921,1078,1105,927,1008,804,751,709,661,556,555,496,570,710,637,542,591,646,647,743,675,652,583,609,560,460,390,344,288,332,266,276,242,238,252,238,232,213,217,192,201,172,182,179,163,160,175,191,204,186,171,137,145
"Ebba",32,12,21,24,35,35,56,52,59,71,71,82,79,78,72,92,88,91,92,90,80,103,102,120,114,128,127,107,109,83,93,99,76,75,73,85,75,67,65,64,67,58,67,65,50,62,70,59,57,47,66,73,59,67,59,53,66,60,64,66,83,90,82,84,99,109,126,115,154,236,248,265,309,378,593,684,707,799,760,926,914,907,949,982,1004,968,1031,917,906,924,918,885,902,855,827,843,834,848,846,672
"Elin",19,16,25,31,41,57,57,51,71,76,101,113,98,101,98,89,108,127,123,109,107,140,144,143,146,147,128,149,129,130,105,117,116,130,103,103,99,98,80,93,89,82,98,82,91,83,97,102,94,124,183,238,387,501,561,588,633,802,947,1027,1087,1137,1273,1396,1417,1514,1508,1751,1853,1953,2047,2025,1891,1831,1871,1683,1528,1499,1537,1478,1409,1562,1503,1404,1306,1233,1213,1168,1032,1020,942,825,753,738,719,685,664,598,500,467
"Elisabeth",270,149,208,303,376,478,625,758,842,940,1133,1253,1283,1442,1609,1855,2070,2351,2492,2584,2998,3464,3912,4677,5087,5235,5744,6412,6300,6090,6155,6420,6527,6288,6320,6231,5913,5669,5760,5603,5346,5537,5809,6575,6424,5887,5905,5297,4806,4771,4996,4688,4674,4714,4392,3901,3747,3651,3948,3922,3809,3751,3453,3465,3575,3827,3651,3720,3718,3873,3745,3514,3409,3105,2766,2519,2452,2149,2230,2293,2238,2231,2303,2426,2406,2382,2385,2419,2337,2340,2296,2212,2282,2230,2165,2218,1994,1944,1881,1678
"Ella",24,12,14,31,46,45,70,63,67,73,81,67,78,70,98,117,74,94,93,75,72,96,81,82,81,72,71,65,72,63,60,50,49,41,52,44,41,33,42,34,25,35,36,20,30,22,23,24,21,26,25,22,23,22,23,18,25,24,21,29,38,28,30,34,35,40,52,50,67,80,79,76,110,126,110,171,187,277,275,344,526,752,881,943,1007,956,1120,1078,1050,971,933,942,944,774,876,885,838,828,781,732
"Ellen ",31,23,21,25,27,48,57,60,60,63,76,85,67,85,65,89,88,95,92,89,82,102,127,136,112,121,130,116,109,111,108,109,100,113,103,100,105,85,81,79,83,91,77,91,87,93,69,69,70,57,73,66,58,63,70,80,83,108,124,134,162,145,175,191,167,214,215,270,331,381,388,496,529,553,528,505,556,633,661,710,724,799,796,854,794,810,826,836,832,855,866,853,832,834,771,829,759,763,682,593
"Ellinor",..,..,..,..,..,11,11,14,11,24,32,40,34,39,35,41,41,76,49,72,79,98,97,118,141,127,156,155,185,262,207,208,276,298,252,283,260,220,232,215,223,188,171,224,264,294,283,291,374,373,416,395,455,460,469,455,468,435,498,505,546,499,557,515,579,531,578,582,569,719,781,809,768,771,649,586,458,470,461,445,375,400,364,325,318,351,300,317,313,332,315,314,347,445,429,405,359,316,319,265
"Elsa",127,57,90,115,113,173,214,240,246,298,296,330,348,331,328,376,387,396,398,329,393,452,453,425,480,473,421,439,376,368,304,339,303,282,281,251,281,271,219,241,217,212,183,222,183,174,178,142,171,132,123,169,135,139,122,119,107,126,123,129,149,128,123,132,153,176,181,219,232,253,273,286,335,368,370,398,449,541,519,602,733,908,975,1122,1127,1278,1341,1449,1389,1463,1432,1478,1431,1596,1665,1389,1265,1214,1202,1147
"Emelie",..,..,..,..,..,..,..,..,..,..,..,..,12,13,..,..,..,15,10,13,18,12,11,20,13,16,10,12,14,17,18,12,13,10,13,13,..,10,..,13,13,17,17,15,24,15,19,33,29,42,54,53,77,125,150,148,215,232,336,424,542,716,904,993,1441,1771,2482,2275,2114,2051,1771,1562,1536,1404,1289,1134,1026,892,835,780,721,678,659,632,581,558,517,493,483,397,416,428,330,397,366,337,310,281,258,250
"Emilia",17,11,..,19,32,30,37,29,40,47,31,43,45,30,49,34,42,44,43,55,42,37,35,33,29,40,34,32,39,35,24,25,24,16,22,23,23,27,13,19,25,19,27,15,26,25,32,28,36,31,35,29,67,86,102,107,86,131,171,195,185,244,237,254,328,316,409,579,548,571,594,613,608,566,556,527,481,642,991,975,924,1048,1017,921,939,1027,972,900,963,868,842,828,827,723,668,692,591,574,513,428
"Emma",14,10,..,16,10,20,25,30,36,38,39,42,54,48,58,47,45,48,43,41,41,49,36,54,43,50,49,42,42,33,29,31,24,35,28,26,28,26,36,35,37,32,44,41,45,49,70,107,114,163,217,303,340,512,751,860,954,1088,1285,1522,1472,1682,1812,1778,2044,2679,2561,2409,2320,2597,2576,2491,2611,2581,2373,1993,1956,1904,1886,1661,1577,1686,1883,1693,1556,1488,1284,1269,1341,1220,1060,1112,931,863,763,849,695,648,531,461
"Erika",13,..,..,14,13,19,29,26,30,29,42,49,40,55,51,55,43,63,74,96,74,74,69,80,67,69,57,60,50,58,56,73,75,81,62,97,97,106,137,148,123,144,228,254,269,331,333,425,458,462,508,571,640,694,743,734,701,776,978,1054,924,882,839,866,905,950,1027,916,899,1037,1286,1232,1114,923,839,671,643,556,485,473,449,425,361,381,314,293,309,296,255,265,224,195,205,199,153,192,182,148,164,142
"Eva",56,20,38,62,78,105,124,143,165,199,245,235,308,375,415,482,561,676,785,815,1177,1492,1921,2433,2950,3422,3517,3873,4312,4409,4594,5054,4842,4729,4816,5009,5213,5204,5110,5047,5149,5396,5748,5894,5504,5183,4893,4376,3829,3569,3413,3187,2873,2705,2414,2216,2105,1869,1871,1849,1776,1617,1550,1586,1548,1500,1406,1444,1503,1414,1377,1273,1089,1033,890,825,679,701,759,688,676,690,696,715,700,760,740,847,907,845,864,1066,1034,1045,988,1000,1091,946,940,934
"Felicia",..,..,..,..,..,..,..,..,..,..,..,..,..,..,..,..,..,..,..,..,..,..,..,..,..,..,..,..,..,..,..,..,..,..,..,..,..,..,..,..,..,..,..,..,..,..,..,..,15,..,12,21,17,23,24,19,20,37,32,44,37,42,36,57,51,73,123,198,287,366,413,575,809,1114,1071,998,994,1026,942,951,1019,907,907,810,811,869,993,735,690,641,588,540,501,513,423,405,347,339,253,220
"Frida",11,..,..,..,15,14,17,11,22,25,17,20,23,32,25,16,19,29,27,30,29,23,18,18,27,31,19,27,27,16,22,28,21,17,13,17,15,19,15,15,14,18,17,25,20,18,24,26,27,53,69,101,148,222,279,464,503,543,562,591,709,752,850,826,885,985,1044,1042,1095,1144,1155,1445,1355,1225,1035,906,852,790,651,642,570,634,622,598,549,484,428,384,342,323,314,276,260,226,212,217,185,180,147,138
"Gun",..,..,..,10,24,43,70,116,173,189,275,353,457,534,623,692,741,749,954,955,928,1060,1139,1081,1093,993,1043,986,844,843,806,777,809,747,760,731,699,640,618,563,518,448,486,482,425,353,331,245,233,200,170,165,135,135,106,99,79,72,63,77,66,75,63,60,67,67,62,59,67,67,71,54,58,53,44,43,49,65,48,47,54,44,43,43,37,43,41,48,44,52,68,59,58,56,58,79,89,72,97,71
"Gunilla",..,..,..,..,..,..,..,15,23,34,42,59,96,116,177,178,230,381,506,623,921,1361,1739,1918,1991,2014,1873,1779,1806,1656,1447,1515,1515,1445,1445,1498,1435,1407,1290,1139,1132,1074,1067,1175,1219,1062,997,796,736,655,553,462,440,422,364,269,248,216,225,187,186,161,173,168,155,146,161,149,161,185,172,154,156,144,109,123,91,101,95,120,100,108,118,104,105,118,96,116,93,102,110,127,113,127,93,105,126,92,116,109
"Hanna",16,13,22,18,23,26,47,39,50,56,63,67,66,77,78,64,80,81,88,84,58,88,80,82,81,83,112,89,85,82,91,98,93,119,93,84,94,62,88,86,98,139,111,118,115,156,143,134,225,255,340,450,501,598,700,827,923,958,1125,1355,1269,1131,1132,1199,1235,1383,1489,1524,1523,1655,1773,1768,1593,1625,1719,1575,1504,1460,1466,1481,1513,1467,1398,1257,1201,1158,990,939,858,795,719,656,626,532,535,522,496,480,426,377
"Helen",11,..,..,13,18,16,21,33,41,50,57,41,64,86,80,83,84,95,110,121,135,174,222,231,295,225,268,286,305,355,379,408,509,573,617,799,872,905,960,1313,1357,1540,1604,1991,2111,2335,2434,2172,2003,1471,1426,1181,1103,1039,827,799,800,675,644,595,583,674,658,579,541,537,582,616,585,586,558,512,436,397,349,300,310,224,226,251,224,242,228,215,181,187,172,173,184,189,200,170,188,186,182,187,178,197,178,183
"Helena",42,22,27,34,37,67,58,100,77,115,132,121,161,193,177,214,211,209,238,269,311,305,469,486,557,593,705,662,687,674,664,653,695,724,666,774,826,888,932,957,1213,1263,1446,1881,2217,2339,2409,2196,2052,2110,2151,2061,2047,2157,2080,1825,1634,1618,1699,1562,1576,1483,1354,1226,1349,1306,1196,1125,1100,1064,990,936,881,772,719,630,571,572,552,579,551,530,562,529,480,510,516,473,495,510,461,437,417,419,383,399,386,390,367,296
"Ida",13,..,10,12,23,16,28,30,36,44,50,52,34,39,52,59,51,57,46,56,43,69,60,62,52,65,53,43,45,55,47,35,31,53,35,41,35,29,40,30,35,35,26,32,43,47,46,45,51,49,83,110,142,158,205,527,539,526,794,795,880,1059,1113,1288,1327,1367,1432,1593,1631,1792,1763,1650,1578,1366,1387,1322,1267,1286,1212,1355,1400,1489,1487,1531,1364,1395,1291,1117,1080,1055,895,887,757,688,641,619,512,526,490,408
"Inga",109,70,71,123,169,190,282,274,331,369,373,454,439,475,436,496,472,549,525,507,501,594,615,666,634,617,593,567,544,467,477,414,425,371,347,363,365,308,298,287,283,274,254,259,235,216,238,220,170,147,172,158,153,149,125,114,121,113,119,139,126,115,119,114,112,126,103,102,127,130,128,108,101,87,79,76,82,99,90,97,97,112,92,124,116,131,137,153,146,186,183,216,188,180,208,203,173,208,215,157
"Ingegerd",144,98,130,186,296,342,431,590,712,843,939,1065,1030,1057,1098,1145,1124,1202,1297,1194,1250,1465,1576,1560,1503,1518,1343,1333,1280,1211,1083,1081,953,914,889,769,779,748,673,554,526,484,447,481,408,381,326,323,259,279,255,210,207,201,189,163,167,161,156,171,152,138,132,124,133,120,112,124,112,115,111,122,78,94,94,65,58,57,69,49,57,57,68,51,73,69,71,87,60,86,78,91,75,77,94,97,93,86,80,86
"Inger",24,15,13,29,42,73,100,163,193,273,338,456,615,732,879,1004,1047,1260,1424,1379,1493,1820,2309,2688,2594,2627,2666,2728,2539,2215,1991,1981,1907,1719,1700,1648,1528,1413,1406,1173,1064,1022,1046,1128,962,891,767,646,522,539,488,401,355,306,298,244,242,227,192,182,212,179,150,162,156,164,137,175,149,173,156,139,157,159,126,121,129,119,140,124,100,126,145,127,135,135,175,158,166,151,192,210,221,197,232,238,229,221,225,219
"Ingrid",196,107,150,216,282,387,471,537,596,803,767,823,905,914,1246,1339,1410,1410,1484,1624,1702,1820,2167,2383,2363,2385,2402,2333,2111,2013,1883,1965,2032,1950,1963,1939,1934,1945,1758,1710,1614,1614,1544,1620,1504,1338,1277,1136,959,1018,891,882,842,805,699,709,776,704,758,739,719,691,686,690,684,667,664,691,712,681,675,738,684,655,602,578,531,523,510,534,526,625,683,856,932,935,1050,1074,1091,1235,1318,1352,1313,1265,1280,1333,1254,1242,1200,1132
"Irene",37,27,43,66,108,140,194,225,301,402,485,502,534,615,648,717,822,976,1127,1094,1179,1349,1358,1468,1448,1418,1297,1242,1145,1125,1954,1559,1489,1294,1422,1318,1169,1137,924,887,840,778,827,898,800,668,672,655,511,522,472,421,402,388,346,357,323,324,324,301,279,300,282,316,323,306,292,293,305,333,290,309,263,295,225,219,185,158,173,161,185,178,174,162,189,197,174,164,180,203,189,199,214,222,193,186,186,195,187,205
"Isabelle ",..,..,..,..,..,..,..,..,..,..,..,..,..,..,..,..,10,..,11,14,13,19,15,10,15,17,14,23,18,22,25,30,29,50,51,52,62,44,48,50,49,72,74,69,76,72,79,80,106,127,109,125,165,207,158,153,111,153,131,137,195,191,244,420,464,484,511,612,709,840,829,840,903,869,737,668,669,636,647,688,693,718,757,788,903,851,921,973,913,993,931,982,884,833,793,762,727,679,570,496
"Jenny",13,..,..,13,13,..,22,21,30,35,33,24,40,33,40,30,50,39,62,51,56,61,56,71,63,86,74,72,75,71,78,93,76,93,87,94,104,136,151,125,150,156,179,187,227,255,294,371,620,768,1447,2006,2482,2954,3154,3073,2740,2453,2448,2244,2205,1891,1776,1787,1569,1473,1431,1436,1354,1437,1320,1189,1032,956,784,673,574,500,509,510,426,412,408,369,396,336,355,335,285,290,266,225,242,236,189,195,156,177,164,137
"Jessica",..,..,..,..,..,..,..,..,..,..,..,..,..,..,..,..,..,..,..,..,..,..,..,..,..,..,..,..,..,..,..,..,..,..,10,10,..,..,14,..,12,23,43,92,104,103,144,234,618,984,1164,1200,1135,1148,1366,1052,940,971,944,820,789,696,636,681,753,723,755,828,885,926,949,878,733,612,518,419,312,302,280,236,182,179,203,182,151,185,118,165,134,163,137,143,85,106,113,91,75,88,87,85
"Johanna",21,17,13,26,28,37,39,48,54,61,52,71,47,62,68,51,71,68,53,54,59,42,46,50,56,43,57,71,65,51,58,60,43,73,55,57,87,80,91,91,152,138,197,233,282,380,392,423,546,641,839,972,1075,1222,1393,1513,1484,1522,1693,1976,1923,1809,1926,1884,1962,2006,2244,2324,2507,2583,2569,2563,2368,2107,1919,1807,1619,1474,1368,1227,1229,1219,1175,1085,938,920,808,797,756,698,657,563,576,527,476,451,383,386,380,325
"Josefin",..,..,..,..,..,..,..,..,..,..,10,..,..,..,..,..,12,14,13,12,10,..,16,18,14,..,13,25,22,21,18,25,22,24,30,27,27,37,47,38,41,38,44,56,42,60,58,116,134,198,199,235,240,347,382,370,423,459,499,588,732,1092,1071,1245,1276,1359,1483,1682,1735,1990,2101,2210,2230,2092,1724,1442,1261,1172,1047,1046,950,935,895,754,710,630,547,570,516,487,485,461,456,469,460,372,353,382,371,286
"Julia",10,..,..,..,..,..,..,16,22,11,16,23,19,16,12,24,21,16,20,31,10,16,14,13,31,26,30,32,20,23,28,15,23,22,29,29,18,21,33,41,22,34,40,38,36,44,46,45,62,61,68,119,108,105,137,155,163,221,226,260,258,266,317,323,403,399,443,524,618,837,1090,1418,1391,1440,1395,1381,1520,1493,1590,1586,1487,1323,1261,1280,1196,1248,1122,1143,1053,1159,1017,1005,940,894,830,857,745,671,680,591
"Karin",166,87,145,187,246,331,374,467,499,606,731,808,886,935,1011,1106,1234,1280,1426,1393,1561,1801,2039,2358,2330,2458,2554,2545,2480,2504,2431,2631,2629,2532,2544,2597,2602,2596,2483,2424,2519,2582,2610,2899,2769,2792,2693,2515,2254,2206,2325,2349,2291,2302,2309,2149,2088,2002,2169,2108,2147,2021,1902,1810,1819,1755,1855,1753,1728,1756,1744,1638,1466,1434,1278,1211,1114,1077,1148,1074,1102,1151,1185,1147,1098,1137,1104,1101,1183,1203,1073,1107,1117,1042,999,980,916,907,883,824
"Karolina",20,11,27,26,30,31,41,43,44,47,44,67,43,49,60,53,42,50,41,35,31,44,40,42,55,40,37,39,36,30,34,38,38,28,38,43,56,49,51,68,75,94,126,173,201,204,260,277,295,367,452,537,555,638,710,873,928,1014,1155,1135,1062,1069,1054,1081,1013,1003,1080,1037,1091,1192,1067,1051,1038,914,801,708,636,747,651,632,589,545,557,530,501,432,447,439,393,365,339,345,325,315,238,247,215,203,186,165
"Katarina",14,..,15,22,19,20,31,38,39,34,58,52,51,68,71,95,111,124,162,197,232,295,317,422,485,526,548,531,600,600,632,619,657,668,737,803,903,1031,1011,1027,1205,2344,4094,3065,2673,2478,2323,1896,1685,1736,1754,1618,1477,1363,1138,1076,1227,1186,1093,1072,1004,908,958,948,976,1009,1023,940,989,991,890,879,856,743,647,624,547,513,456,456,494,434,454,470,392,384,433,360,337,340,311,314,323,272,292,308,294,312,302,265
"Kerstin",67,56,73,124,152,194,297,380,460,563,686,795,818,958,1139,1329,1413,1609,1628,1669,1826,2225,2396,2594,2601,2680,2467,2566,2331,2194,2058,2248,2198,1955,1884,1809,1709,1571,1474,1356,1246,1124,1152,1053,901,882,803,635,594,551,498,445,365,371,329,353,297,295,334,265,238,251,245,236,227,235,207,264,286,301,279,233,215,206,221,200,189,185,182,193,211,222,298,256,262,309,309,423,424,444,500,544,556,589,613,658,640,638,584,578
"Klara",..,..,..,16,15,17,36,17,29,32,39,37,32,33,33,45,38,43,44,50,46,37,42,44,48,51,36,47,57,59,30,53,26,28,42,29,38,33,24,41,20,32,24,32,37,50,42,38,44,41,55,48,67,75,75,80,83,108,143,131,150,136,146,206,219,231,238,269,283,326,384,417,489,612,584,638,702,712,757,830,986,996,989,1043,991,1014,919,947,868,915,793,825,832,768,777,732,743,643,743,630
"Kristin",..,..,..,..,..,..,..,11,16,11,22,21,14,21,31,30,34,42,59,109,129,194,290,371,487,504,454,493,480,492,414,451,453,487,479,487,521,527,506,606,563,485,596,613,621,636,550,513,466,630,785,820,828,769,723,716,768,762,765,783,749,822,815,814,793,822,733,761,732,638,582,522,483,503,411,375,320,299,261,288,264,255,259,265,258,241,230,229,240,241,192,194,199,191,217,181,164,186,158,145
"Kristina",126,70,92,128,186,184,230,273,317,326,374,415,414,494,538,667,692,866,1111,1298,1696,2355,3641,5168,5433,5914,6127,5907,5886,5477,5064,5074,4767,4444,4478,4610,4623,4380,4375,4189,4662,4773,4689,5417,5218,5736,5248,4828,4296,4291,4643,4223,4343,4195,4123,3878,3591,3460,3486,3612,3350,3149,3059,2963,3022,3043,2926,2862,2937,3037,2986,2855,2722,2632,2391,2076,2131,2019,2043,1916,2082,2158,2139,2151,2084,2139,2033,1954,1860,1950,1922,1739,1702,1640,1677,1545,1415,1371,1337,1207
"Lena",..,..,..,..,..,..,12,13,10,19,30,32,45,62,72,105,147,208,305,330,477,589,821,1128,1409,1551,1782,1672,1930,1873,1914,1990,2128,2271,2569,2864,2933,2946,2986,2933,3069,2870,2838,2891,2681,2615,2348,1897,1626,1417,1226,1160,978,945,794,589,608,583,680,655,550,649,549,510,465,445,392,427,377,434,392,338,305,274,275,219,193,186,179,184,186,186,174,201,205,209,216,232,282,285,255,316,328,396,381,368,360,357,362,359
"Linda",..,..,..,..,..,..,..,..,..,..,..,..,..,..,..,..,11,..,..,..,10,13,17,12,21,20,25,68,63,74,74,83,71,70,63,86,90,75,95,107,81,112,118,122,140,138,169,170,197,488,932,1588,3125,3806,3019,3206,3072,2693,2552,2165,1825,1667,1429,1416,1505,1425,1261,1174,1161,1138,910,863,780,668,509,417,388,358,309,299,285,279,252,262,239,257,229,214,226,202,212,194,181,172,150,171,119,120,113,110
"Linnéa",211,114,170,227,299,317,441,563,707,737,895,856,896,897,971,1016,984,1212,1154,1079,1143,1275,1314,1244,1302,1282,1231,1221,1131,1039,988,967,968,813,802,754,763,721,626,593,641,647,603,687,679,633,627,621,594,568,539,671,686,732,801,886,846,913,1094,1276,1248,1278,1406,1684,1859,2116,2485,2580,2850,3299,3668,3718,3845,3841,3643,3447,3437,3371,3383,3429,3358,3575,3595,3658,3587,3680,3489,3395,3329,3449,3233,3043,2837,2882,2673,2673,2348,2292,2174,1890
"Lisa",49,27,31,48,52,64,76,94,97,97,101,114,123,144,151,143,146,154,172,138,168,145,161,155,184,202,171,196,196,181,187,137,135,134,129,119,146,111,118,113,124,117,119,151,127,144,155,144,169,198,213,332,352,400,518,453,513,642,680,823,792,774,728,736,727,712,740,802,834,930,963,1022,970,945,847,738,597,638,643,647,714,691,644,666,625,608,592,565,526,526,491,498,447,464,381,405,338,369,359,317
"Lisbeth",..,..,..,..,13,..,22,21,33,48,56,69,82,107,108,157,172,224,240,282,336,472,712,974,980,1095,1102,1160,1060,994,910,850,881,796,818,633,531,475,454,383,394,318,268,280,232,234,183,167,139,139,131,115,84,83,70,72,65,53,58,48,59,33,33,51,28,35,31,39,37,47,38,34,27,23,33,24,19,22,35,24,31,27,36,34,48,39,35,52,42,45,47,50,55,73,71,68,67,72,56,49
"Louise ",13,..,12,19,22,32,54,54,55,78,77,95,105,115,148,170,155,211,237,192,227,272,340,436,436,452,372,340,358,356,329,307,307,360,314,279,339,290,286,337,311,305,344,417,560,549,598,588,566,562,560,638,665,802,718,656,615,667,814,828,886,900,851,911,984,1051,1069,1130,1247,1658,1703,1773,1815,1550,1466,1504,1221,1118,957,894,895,873,815,818,718,706,667,649,594,579,564,548,570,541,492,457,481,429,445,423
"Lovisa",16,10,19,19,32,24,29,47,42,55,52,46,54,56,49,54,45,46,42,48,38,38,43,51,38,49,47,40,42,41,28,34,35,42,32,32,43,37,34,34,38,41,52,54,66,101,95,110,98,149,127,133,160,180,189,187,215,237,226,255,278,270,329,332,379,441,459,535,590,779,891,925,991,1086,1056,1109,1019,1063,1008,1063,1118,1224,1204,1121,1136,1145,1097,989,973,930,870,849,766,673,648,671,565,512,555,492
"Madeleine",..,..,..,..,..,..,..,..,..,..,..,..,..,..,..,12,..,14,30,29,49,55,70,81,99,84,84,80,81,89,99,114,131,152,131,168,157,179,199,220,275,353,383,502,534,561,628,662,628,596,670,690,594,557,442,421,546,521,539,499,445,845,1205,1142,1258,1150,1153,1179,1148,1129,1203,1041,886,773,663,653,571,598,521,505,434,448,453,357,310,304,315,263,303,242,227,257,282,233,276,249,191,222,199,169
"Maj",67,27,51,84,89,125,154,200,198,285,282,315,320,357,339,393,396,448,432,419,413,410,416,401,448,503,500,447,461,423,354,382,363,318,290,284,305,255,231,214,192,205,200,200,164,184,171,131,121,114,119,107,99,109,88,79,63,76,93,65,67,88,93,99,115,122,121,114,107,125,132,123,114,117,128,134,94,112,116,132,134,171,156,168,203,204,207,230,269,318,292,353,387,392,379,431,435,405,415,392
"Maja",19,12,13,21,15,22,19,32,21,38,36,39,30,38,41,45,54,42,41,46,61,40,52,59,54,48,80,56,60,64,53,43,48,39,43,48,32,35,34,34,46,44,48,35,44,37,31,42,48,51,53,76,76,68,92,74,102,127,142,195,202,204,201,235,242,277,265,323,323,369,365,445,461,569,543,551,521,703,985,995,1083,1095,1156,1364,1355,1378,1257,1249,1285,1296,1087,1067,1097,1106,986,984,832,976,893,844
"Malin ",..,..,..,..,..,..,..,..,..,..,..,..,..,..,..,..,..,..,..,10,..,12,..,13,10,16,..,..,16,14,18,..,17,18,11,11,18,28,42,41,48,45,59,184,232,424,694,929,924,1433,1728,1714,1709,1904,1696,1526,1338,1332,1359,1295,1210,1190,1187,1325,1408,1591,1787,1956,1888,1947,1758,1561,1224,1026,865,721,604,525,447,381,356,345,347,289,242,260,222,210,189,207,167,198,152,153,169,150,140,143,153,111
"Margareta",264,133,223,338,427,575,688,825,955,1200,1401,1546,1573,2098,2644,3223,3353,3718,4076,4201,4916,5893,6679,7234,7017,7167,6867,6719,6296,5962,5440,5428,5231,4679,4573,4384,4363,3968,3702,3470,3392,3274,3107,3580,3584,3281,3154,2837,2631,2492,2592,2486,2364,2429,2228,2062,2049,1838,1998,1916,1892,1739,1660,1585,1589,1648,1580,1649,1699,1838,1757,1645,1637,1515,1302,1197,1147,1194,1076,1104,1045,1112,1165,1172,1127,1198,1175,1129,1082,1092,1048,1103,1033,992,936,947,905,877,923,792
"Maria",371,180,276,371,454,599,702,849,866,1051,1152,1202,1204,1275,1383,1415,1356,1588,1674,1649,1693,1874,2142,2377,2467,2547,2818,2832,2742,2718,2608,2907,3206,3285,3610,3768,4247,4746,4680,4992,5304,5728,6454,7978,8540,8563,8893,8656,7705,8235,8550,8613,8384,8598,8487,8266,8490,8325,8417,8403,7978,7690,7494,7601,7520,7472,7208,7653,7398,7557,7366,7116,6552,6034,5473,4907,4571,4262,4315,4296,4161,4466,4512,4448,4195,4329,4128,3954,3888,3985,3723,3661,3640,3556,3339,3403,3149,3007,2864,2532
"Marianne",72,37,62,106,170,228,278,398,618,766,1009,1197,1310,1490,1586,1657,1697,1911,1926,1922,1915,2265,2432,2610,2990,2709,2760,2777,2659,2381,2249,2229,1940,1878,1757,1762,1797,1788,1500,1325,1297,1025,1061,1169,1058,1017,1058,778,700,661,603,580,515,538,485,404,399,395,416,439,403,394,395,415,416,398,415,442,479,452,423,424,388,383,341,281,290,275,307,296,271,281,269,310,291,285,309,294,317,307,326,383,399,387,435,411,406,395,387,346
"Marie",17,..,14,23,26,36,41,83,83,98,97,120,142,148,163,219,213,305,303,292,294,318,428,458,542,600,573,629,646,697,777,923,1083,1369,1553,1940,2595,2857,2894,3313,3509,3637,3704,4135,4108,4425,4019,3525,2971,2902,2823,3064,3459,3292,2895,2661,2543,2480,2404,2432,2346,2255,2112,2136,2256,2191,2156,2225,2111,2157,1960,1832,1659,1410,1339,1177,1020,966,968,940,939,932,896,911,888,957,920,1006,916,983,929,887,945,991,908,947,881,870,844,767
"Matilda",36,33,34,39,57,67,86,88,79,96,110,106,115,117,96,80,107,94,86,91,64,83,75,76,61,74,60,59,47,44,41,21,39,41,36,26,26,30,38,36,35,40,42,36,48,58,77,71,84,93,131,149,192,202,259,228,244,267,310,361,420,400,411,443,477,633,783,932,1166,1482,1645,1560,1712,1712,1601,1629,1595,1431,1371,1445,1432,1485,1335,1331,1200,1077,1045,976,1028,935,860,748,749,677,636,590,550,478,428,346
"Mona",..,..,..,..,..,..,11,10,22,36,56,80,109,149,165,200,337,372,451,492,470,584,614,567,545,593,540,499,455,475,592,489,477,437,417,462,503,509,479,485,538,479,482,434,410,382,339,335,292,308,274,236,214,178,139,133,130,110,145,116,130,131,106,114,131,132,111,119,131,141,124,111,117,119,102,104,101,90,115,114,74,94,78,80,114,93,94,91,107,88,97,99,109,123,102,117,126,127,138,117
"Monica",..,..,..,..,..,..,..,13,16,15,31,77,89,89,108,209,239,497,672,878,1047,1385,1659,1795,1897,1884,1717,1693,1629,1626,1541,1417,1792,1570,1489,1640,1500,1415,1426,1442,1405,1584,1381,1543,1741,1437,1158,1047,910,1010,873,884,743,619,618,542,525,406,445,385,358,336,363,317,312,315,328,303,299,311,279,305,275,232,203,179,140,145,163,149,149,143,135,147,122,131,170,144,153,155,138,176,174,173,169,173,163,174,166,158
"Märta",94,35,45,79,109,151,156,167,255,258,245,273,289,255,296,341,318,360,336,340,284,347,401,418,383,415,410,374,343,311,260,306,300,286,279,258,230,206,175,195,178,163,192,171,161,146,136,124,116,100,131,135,155,140,145,117,136,119,125,149,137,119,137,145,131,151,128,125,159,182,167,200,206,201,163,199,178,210,221,238,280,326,379,377,431,432,513,515,545,592,616,604,598,620,564,554,568,542,564,433
"Nathalie",..,..,..,..,..,..,..,..,..,..,..,..,..,..,..,..,..,..,..,..,..,..,..,..,..,..,..,..,..,..,..,..,..,..,..,..,..,..,10,..,12,12,..,23,19,19,32,38,77,83,72,81,73,92,95,91,95,83,122,118,137,166,260,388,546,578,726,808,945,1073,1101,971,951,832,740,610,623,582,484,552,561,568,533,531,503,567,529,595,498,445,413,421,337,351,298,261,216,205,196,178
"Olivia",17,..,10,..,18,21,25,28,24,26,35,31,35,29,29,34,29,31,38,36,22,28,32,34,19,32,32,18,27,21,15,15,12,12,14,13,11,19,17,..,11,13,10,15,11,15,17,13,11,19,23,20,24,27,39,31,47,72,95,86,86,75,78,63,80,110,108,145,161,242,483,574,602,635,724,703,687,654,645,752,695,795,831,825,817,844,905,885,1007,1097,936,903,958,994,934,995,995,911,989,814
"Pia",..,..,..,..,..,..,..,..,..,..,..,..,..,..,..,..,..,15,23,24,34,39,46,88,123,154,141,166,222,270,270,310,459,668,855,950,1020,1057,891,791,860,835,893,849,880,995,917,880,735,633,573,555,421,358,282,255,218,204,183,181,163,134,135,143,131,110,119,107,115,131,107,105,73,86,82,49,54,45,46,41,49,39,46,51,42,40,45,61,58,51,55,64,56,64,74,72,49,78,72,65
"Rebecca",..,..,..,..,..,..,..,..,..,..,..,..,..,..,..,..,..,..,..,..,..,..,..,..,..,..,..,..,..,13,..,14,16,23,28,31,34,30,21,31,40,45,34,51,65,69,86,105,95,120,159,166,131,205,236,350,350,401,457,490,513,521,711,725,787,817,830,968,1205,1241,1306,1624,1772,1685,1440,1316,979,813,688,683,706,616,524,546,530,447,430,405,381,326,309,268,271,256,198,202,217,183,166,139
"Rut",129,77,96,134,176,243,273,343,392,402,429,465,451,499,470,504,474,462,528,467,468,496,515,545,541,558,574,571,538,451,461,517,436,435,441,397,407,373,365,327,319,293,305,295,249,258,265,215,177,187,184,157,185,154,140,133,111,155,116,165,139,126,131,132,109,126,126,148,135,121,129,119,155,145,151,140,142,121,135,173,200,197,241,275,294,295,358,451,495,522,567,578,625,631,638,682,649,665,687,669
"Sandra",..,..,..,..,..,..,..,..,..,..,..,..,..,..,..,..,..,..,..,..,..,..,12,10,..,13,12,..,11,11,20,10,15,16,14,29,20,32,33,44,34,57,53,58,69,75,113,100,108,118,146,230,335,413,545,568,606,719,1011,938,952,929,990,1000,1192,1721,1836,1864,1779,1783,1516,1344,1173,930,701,643,577,496,449,404,359,297,272,261,243,227,168,184,156,150,130,175,123,140,135,127,136,113,117,80
"Sara",16,..,14,19,20,21,19,34,41,49,40,49,62,54,73,56,78,61,67,76,75,94,90,97,98,120,105,117,108,127,118,126,110,137,114,158,140,172,191,219,190,195,208,270,302,315,348,410,527,640,798,1014,1188,1744,1862,1790,1909,1873,1940,2083,2040,2081,2054,1887,2149,2127,2319,2916,3398,3049,2796,2490,2252,2097,2084,1749,1462,1346,1347,1394,1225,1241,1119,1064,1164,1069,1086,1039,943,905,801,828,800,812,785,754,768,673,668,534
"Siv",..,..,12,17,41,59,86,132,230,272,417,550,651,724,773,824,968,972,1071,998,1030,1059,1101,1120,1108,1039,940,986,914,864,878,876,854,790,793,747,761,665,711,617,543,545,529,533,514,453,315,307,254,250,203,186,157,135,124,104,80,83,83,72,66,65,68,72,71,81,67,75,79,76,76,72,74,70,75,61,52,53,62,68,52,60,71,57,66,69,64,74,98,101,102,115,125,145,153,186,187,185,212,195
"Sofia",65,40,55,77,73,100,114,135,142,161,186,182,186,180,188,224,156,246,194,168,173,192,205,205,199,209,219,221,175,174,165,163,137,156,176,175,207,175,187,177,210,240,265,345,422,469,502,653,810,1089,1253,1417,1592,1787,1836,1898,1897,1886,1935,2023,1964,2195,1984,2022,2322,2501,2570,2507,2722,3087,2803,2740,2417,2306,2092,1915,1754,1688,1597,1671,1664,1680,1688,1702,1576,1533,1559,1410,1482,1379,1393,1393,1303,1362,1411,1346,1207,1050,1089,888
"Sofie",..,..,..,..,..,..,..,13,..,17,12,19,20,21,19,29,20,24,20,33,22,28,36,30,40,39,33,35,46,31,42,45,31,41,52,64,73,82,77,133,117,125,147,225,192,226,224,358,356,409,428,497,588,621,667,684,681,759,807,838,1079,1091,1209,1348,1332,1545,1488,1548,1507,1742,1620,1604,1424,1129,946,849,831,682,582,512,534,545,521,531,480,441,473,466,488,496,498,489,444,467,431,415,393,373,334,304
"Sonja",36,31,34,48,62,91,97,138,209,241,312,329,379,401,394,476,489,494,517,502,518,504,617,643,534,500,513,481,438,418,373,356,326,330,280,317,297,280,247,223,201,229,205,216,216,217,182,168,155,164,155,158,165,138,121,130,119,111,124,124,90,91,112,75,111,105,117,130,125,132,144,142,134,127,108,122,122,134,107,91,127,142,169,167,183,219,227,250,260,271,274,317,313,303,269,322,326,277,307,254
"Susanne",..,..,..,..,..,..,..,..,..,..,..,..,10,..,13,19,..,27,26,21,27,42,51,103,96,113,144,172,210,269,322,425,562,707,903,1099,1322,1530,1684,2150,2704,3058,2924,3350,3176,3139,2760,2524,2053,1869,1747,1528,1233,1209,1105,931,895,745,712,681,577,646,627,587,623,633,639,572,542,544,526,425,398,326,336,279,231,252,213,196,190,188,157,155,192,164,182,164,171,160,156,172,156,171,188,193,172,192,201,172
"Therese",..,..,..,..,..,..,11,..,..,..,15,..,12,..,17,18,22,32,17,26,26,31,43,38,34,42,48,37,43,52,59,57,56,76,73,79,99,84,108,119,93,132,162,220,250,314,533,929,931,1030,1148,1338,1446,1635,1773,1904,2043,2204,2389,2228,2279,2524,2368,2219,2176,2068,1964,1849,1773,1753,1681,1445,1270,977,879,710,675,582,552,455,441,434,434,421,403,382,390,363,340,325,306,300,293,270,276,241,234,187,210,172
"Ulla",54,32,57,114,146,230,277,339,415,494,658,728,719,791,841,1000,1023,1057,1086,1172,1179,1547,1872,1922,1883,1976,1870,1752,1608,1494,1381,1392,1422,1254,1066,1113,1092,928,875,838,773,712,650,679,550,554,433,403,335,285,245,239,214,187,200,149,149,160,144,132,115,94,104,96,115,98,101,119,115,116,121,101,90,94,80,79,68,71,55,53,63,54,57,69,67,67,60,73,82,76,83,94,97,98,109,122,103,134,103,131
"Ulrika",11,..,10,14,19,22,15,22,27,24,25,30,31,38,48,39,47,38,48,55,61,54,70,81,86,86,108,97,108,94,91,113,120,116,141,197,200,180,238,356,432,573,675,999,1466,1752,1942,2181,2240,2389,2284,2444,2541,2029,1607,1150,1132,948,848,755,610,572,504,494,467,425,451,442,418,469,459,448,405,368,322,316,280,313,274,277,311,317,278,280,218,231,189,182,151,153,135,140,100,116,112,96,90,103,74,99
"Viktoria",85,26,37,54,82,102,100,134,108,176,178,189,176,171,207,190,193,201,245,233,229,224,259,279,301,260,253,244,241,228,226,176,191,157,212,175,170,180,148,163,164,157,204,246,390,473,664,901,1037,1069,1179,1247,1284,1344,1344,1321,1174,954,916,996,915,982,1022,1042,1137,1217,1310,1401,1547,1748,1866,2004,1868,1820,1558,1430,1404,1434,1293,1240,1157,1202,1201,1107,1037,1008,991,1018,985,960,924,810,763,702,734,719,710,658,646,512
"Viola",118,51,111,172,216,286,352,469,513,614,702,715,724,736,786,848,854,854,876,848,854,1000,997,950,977,986,946,904,871,811,675,706,635,587,582,526,473,469,405,398,386,361,340,337,356,298,299,271,261,240,253,226,231,222,185,187,214,191,218,191,214,209,186,198,205,259,255,271,278,306,364,345,352,383,366,324,294,328,273,348,374,390,449,445,507,560,632,715,721,767,766,780,817,835,838,857,865,820,835,736
"Yvonne",..,..,..,..,..,..,10,19,28,51,47,64,65,80,128,146,268,374,350,401,454,606,757,930,1008,1065,1048,1001,971,1014,1089,1167,1258,1182,1272,1324,1174,1101,966,941,833,730,729,811,693,674,584,484,379,354,332,282,236,227,219,185,165,148,165,147,130,123,115,135,135,117,120,144,162,132,152,145,117,106,90,95,72,90,56,79,61,80,71,68,78,74,65,84,88,76,82,98,98,105,94,105,84,102,80,81
"Åsa",..,..,..,..,..,..,..,..,..,..,15,12,..,17,..,24,23,29,41,41,70,61,97,104,115,137,179,182,202,183,178,245,250,303,327,364,446,533,587,681,812,1033,1036,1223,1319,1588,1732,1754,1668,1663,1772,1896,1751,1475,1156,1069,961,748,640,569,514,427,407,301,281,325,279,277,253,224,228,220,184,177,122,117,99,93,110,100,80,79,77,86,79,68,64,59,60,62,41,61,65,62,74,69,77,64,54,50
